{
  "best_model": "HGB_calibrated",
  "logreg": {
    "roc_auc": 0.9428311034718617,
    "pr_auc": 0.6194791590941963,
    "brier": 0.05812632497636531
  },
  "hgb": {
    "roc_auc": 0.9547829496674373,
    "pr_auc": 0.6990778590803219,
    "brier": 0.0524683337468139
  }
}